
# youlai_admin_tenant 数据库(MySQL 5.7 ~ MySQL 8.x) - 多租户版本
# Copyright (c) 2021-present, youlai.tech
# 
# 说明：此脚本为多租户版本的完整数据库初始化脚本
# 包含所有表结构、多租户字段、初始数据和权限配置
# 执行前请确保已备份数据库！

-- ----------------------------
-- 1. 创建数据库
-- ----------------------------
CREATE DATABASE IF NOT EXISTS youlai_admin_tenant CHARACTER SET utf8mb4 DEFAULT COLLATE utf8mb4_unicode_ci;


-- ----------------------------
-- 2. 创建表 && 数据初始化
-- ----------------------------
USE youlai_admin_tenant;

SET NAMES utf8mb4;  # 设置字符集
SET SESSION sql_mode='NO_AUTO_VALUE_ON_ZERO';
SET FOREIGN_KEY_CHECKS = 0; # 关闭外键检查，加快导入速度

-- ----------------------------
-- Table structure for sys_dept
-- ----------------------------
DROP TABLE IF EXISTS `sys_dept`;
CREATE TABLE `sys_dept`  (
                             `id` bigint NOT NULL AUTO_INCREMENT COMMENT '主键',
                             `tenant_id` bigint DEFAULT 0 COMMENT '租户ID',
                             `name` varchar(100) NOT NULL COMMENT '部门名称',
                             `code` varchar(100) NOT NULL COMMENT '部门编号',
                             `parent_id` bigint DEFAULT 0 COMMENT '父节点id',
                             `tree_path` varchar(255) NOT NULL COMMENT '父节点id路径',
                             `sort` smallint DEFAULT 0 COMMENT '显示顺序',
                             `status` tinyint DEFAULT 1 COMMENT '状态(1-正常 0-禁用)',
                             `create_by` bigint NULL COMMENT '创建人ID',
                             `create_time` datetime NULL COMMENT '创建时间',
                             `update_by` bigint NULL COMMENT '修改人ID',
                             `update_time` datetime NULL COMMENT '更新时间',
                             `is_deleted` tinyint DEFAULT 0 COMMENT '逻辑删除标识(1-已删除 0-未删除)',
                             PRIMARY KEY (`id`) USING BTREE,
                             UNIQUE INDEX `uk_tenant_code`(`tenant_id` ASC, `code` ASC, `is_deleted` ASC) USING BTREE COMMENT '租户内部门编号唯一索引',
                             KEY `idx_tenant_id` (`tenant_id`)
) ENGINE = InnoDB CHARACTER SET = utf8mb4 COMMENT = '部门管理表';

-- ----------------------------
-- Records of sys_dept
-- ----------------------------
-- 默认租户（tenant_id=0）的部门
INSERT INTO `sys_dept` VALUES (1, 0, '有来技术', 'YOULAI', 0, '0', 1, 1, 1, NULL, 1, now(), 0);
INSERT INTO `sys_dept` VALUES (2, 0, '研发部门', 'RD001', 1, '0,1', 1, 1, 2, NULL, 2, now(), 0);
INSERT INTO `sys_dept` VALUES (3, 0, '测试部门', 'QA001', 1, '0,1', 1, 1, 2, NULL, 2, now(), 0);

-- 演示租户（tenant_id=1）的部门
INSERT INTO `sys_dept` VALUES (4, 1, '演示公司', 'DEMO_COMPANY', 0, '0', 1, 1, 4, NULL, 4, now(), 0);
INSERT INTO `sys_dept` VALUES (5, 1, '演示技术部', 'DEMO_TECH', 4, '0,4', 1, 1, 4, NULL, 5, now(), 0);
INSERT INTO `sys_dept` VALUES (6, 1, '演示运营部', 'DEMO_OPER', 4, '0,4', 1, 1, 4, NULL, 6, now(), 0);

-- ----------------------------
-- Table structure for sys_dict
-- ----------------------------
DROP TABLE IF EXISTS `sys_dict`;
CREATE TABLE `sys_dict` (
                            `id` bigint NOT NULL AUTO_INCREMENT COMMENT '主键 ',
                            `dict_code` varchar(50) COMMENT '类型编码',
                            `name` varchar(50) COMMENT '类型名称',
                            `status` tinyint(1) DEFAULT '0' COMMENT '状态(0:正常;1:禁用)',
                            `remark` varchar(255) COMMENT '备注',
                            `create_time` datetime COMMENT '创建时间',
                            `create_by` bigint COMMENT '创建人ID',
                            `update_time` datetime COMMENT '更新时间',
                            `update_by` bigint COMMENT '修改人ID',
                            `is_deleted` tinyint DEFAULT '0' COMMENT '是否删除(1-删除，0-未删除)',
                            PRIMARY KEY (`id`) USING BTREE,
                            KEY `idx_dict_code` (`dict_code`)
) ENGINE=InnoDB DEFAULT CHARSET=utf8mb4 COMMENT='数据字典类型表';
-- ----------------------------
-- Records of sys_dict
-- ----------------------------
INSERT INTO `sys_dict` VALUES (1, 'gender', '性别', 1, NULL, now() , 1,now(), 1,0);
INSERT INTO `sys_dict` VALUES (2, 'notice_type', '通知类型', 1, NULL, now(), 1,now(), 1,0);
INSERT INTO `sys_dict` VALUES (3, 'notice_level', '通知级别', 1, NULL, now(), 1,now(), 1,0);


-- ----------------------------
-- Table structure for sys_dict_item
-- ----------------------------
DROP TABLE IF EXISTS `sys_dict_item`;
CREATE TABLE `sys_dict_item` (
                                 `id` bigint NOT NULL AUTO_INCREMENT COMMENT '主键',
                                 `dict_code` varchar(50) COMMENT '关联字典编码，与sys_dict表中的dict_code对应',
                                 `value` varchar(50) COMMENT '字典项值',
                                 `label` varchar(100) COMMENT '字典项标签',
                                 `tag_type` varchar(50) COMMENT '标签类型，用于前端样式展示（如success、warning等）',
                                 `status` tinyint DEFAULT '0' COMMENT '状态（1-正常，0-禁用）',
                                 `sort` int DEFAULT '0' COMMENT '排序',
                                 `remark` varchar(255) COMMENT '备注',
                                 `create_time` datetime COMMENT '创建时间',
                                 `create_by` bigint COMMENT '创建人ID',
                                 `update_time` datetime COMMENT '更新时间',
                                 `update_by` bigint COMMENT '修改人ID',
                                 PRIMARY KEY (`id`) USING BTREE
) ENGINE=InnoDB DEFAULT CHARSET=utf8mb4 COMMENT='数据字典项表';

-- ----------------------------
-- Records of sys_dict_item
-- ----------------------------
INSERT INTO `sys_dict_item` VALUES (1, 'gender', '1', '男', 'primary', 1, 1, NULL, now(), 1,now(),1);
INSERT INTO `sys_dict_item` VALUES (2, 'gender', '2', '女', 'danger', 1, 2, NULL, now(), 1,now(),1);
INSERT INTO `sys_dict_item` VALUES (3, 'gender', '0', '保密', 'info', 1, 3, NULL, now(), 1,now(),1);
INSERT INTO `sys_dict_item` VALUES (4, 'notice_type', '1', '系统升级', 'success', 1, 1, '', now(), 1,now(),1);
INSERT INTO `sys_dict_item` VALUES (5, 'notice_type', '2', '系统维护', 'primary', 1, 2, '', now(), 1,now(),1);
INSERT INTO `sys_dict_item` VALUES (6, 'notice_type', '3', '安全警告', 'danger', 1, 3, '', now(), 1,now(),1);
INSERT INTO `sys_dict_item` VALUES (7, 'notice_type', '4', '假期通知', 'success', 1, 4, '', now(), 1,now(),1);
INSERT INTO `sys_dict_item` VALUES (8, 'notice_type', '5', '公司新闻', 'primary', 1, 5, '', now(), 1,now(),1);
INSERT INTO `sys_dict_item` VALUES (9, 'notice_type', '99', '其他', 'info', 1, 99, '', now(), 1,now(),1);
INSERT INTO `sys_dict_item` VALUES (10, 'notice_level', 'L', '低', 'info', 1, 1, '', now(), 1,now(),1);
INSERT INTO `sys_dict_item` VALUES (11, 'notice_level', 'M', '中', 'warning', 1, 2, '', now(), 1,now(),1);
INSERT INTO `sys_dict_item` VALUES (12, 'notice_level', 'H', '高', 'danger', 1, 3, '', now(), 1,now(),1);

-- ----------------------------
-- Table structure for sys_menu
-- ----------------------------
DROP TABLE IF EXISTS `sys_menu`;
CREATE TABLE `sys_menu`  (
                             `id` bigint NOT NULL AUTO_INCREMENT COMMENT 'ID',
                             `parent_id` bigint NOT NULL COMMENT '父菜单ID',
                             `tree_path` varchar(255) COMMENT '父节点ID路径',
                             `name` varchar(64) NOT NULL COMMENT '菜单名称',
                             `type` char(1) NOT NULL COMMENT '菜单类型（C-目录 M-菜单 B-按钮）',
                             `route_name` varchar(255) COMMENT '路由名称（Vue Router 中用于命名路由）',
                             `route_path` varchar(128) COMMENT '路由路径（Vue Router 中定义的 URL 路径）',
                             `component` varchar(128) COMMENT '组件路径（组件页面完整路径，相对于 src/views/，缺省后缀 .vue）',
                             `perm` varchar(128) COMMENT '【按钮】权限标识',
                             `always_show` tinyint DEFAULT 0 COMMENT '【目录】只有一个子路由是否始终显示（1-是 0-否）',
                             `keep_alive` tinyint DEFAULT 0 COMMENT '【菜单】是否开启页面缓存（1-是 0-否）',
                             `visible` tinyint(1) DEFAULT 1 COMMENT '显示状态（1-显示 0-隐藏）',
                             `sort` int DEFAULT 0 COMMENT '排序',
                             `icon` varchar(64) COMMENT '菜单图标',
                             `redirect` varchar(128) COMMENT '跳转路径',
                             `create_time` datetime NULL COMMENT '创建时间',
                             `update_time` datetime NULL COMMENT '更新时间',
                             `params` varchar(255) NULL COMMENT '路由参数',
                             PRIMARY KEY (`id`) USING BTREE
) ENGINE = InnoDB CHARACTER SET = utf8mb4 COMMENT = '系统菜单表';

-- ----------------------------
-- Records of sys_menu
-- ----------------------------
-- 顶级目录（1-10）：平台/系统/代码生成/AI助手/文档/接口文档/组件/演示/多级/路由
INSERT INTO `sys_menu` VALUES (1, 0, '0', '平台管理', 'C', '', '/platform', 'Layout', NULL, NULL, NULL, 1, 1, 'el-icon-Platform', '/platform/tenant', now(), now(), NULL);
INSERT INTO `sys_menu` VALUES (2, 0, '0', '系统管理', 'C', '', '/system', 'Layout', NULL, NULL, NULL, 1, 2, 'system', '/system/user', now(), now(), NULL);
INSERT INTO `sys_menu` VALUES (3, 0, '0', '代码生成', 'C', '', '/codegen', 'Layout', NULL, NULL, NULL, 1, 3, 'code', '/codegen/index', now(), now(), NULL);
INSERT INTO `sys_menu` VALUES (4, 0, '0', 'AI助手', 'C', '', '/ai', 'Layout', NULL, NULL, NULL, 1, 4, 'ai', '/ai/command-record', now(), now(), NULL);
INSERT INTO `sys_menu` VALUES (5, 0, '0', '平台文档', 'C', '', '/doc', 'Layout', NULL, NULL, NULL, 1, 5, 'document', '', now(), now(), NULL);
INSERT INTO `sys_menu` VALUES (6, 0, '0', '接口文档', 'C', '', '/api', 'Layout', NULL, NULL, NULL, 1, 6, 'api', '', now(), now(), NULL);
INSERT INTO `sys_menu` VALUES (7, 0, '0', '组件封装', 'C', '', '/component', 'Layout', NULL, NULL, NULL, 1, 7, 'menu', '', now(), now(), NULL);
INSERT INTO `sys_menu` VALUES (8, 0, '0', '功能演示', 'C', '', '/function', 'Layout', NULL, NULL, NULL, 1, 8, 'menu', '', now(), now(), NULL);
INSERT INTO `sys_menu` VALUES (9, 0, '0', '多级菜单', 'C', NULL, '/multi-level', 'Layout', NULL, 1, NULL, 1, 9, 'cascader', '', now(), now(), NULL);
INSERT INTO `sys_menu` VALUES (10, 0, '0', '路由参数', 'C', '', '/route-param', 'Layout', NULL, NULL, NULL, 1, 10, 'el-icon-ElementPlus', '', now(), now(), NULL);

-- 平台管理（平台方）
INSERT INTO `sys_menu` VALUES (110, 1, '0,1', '租户管理', 'M', 'Tenant', 'tenant', 'system/tenant/index', NULL, NULL, 1, 1, 1, 'el-icon-OfficeBuilding', NULL, now(), now(), NULL);
INSERT INTO `sys_menu` VALUES (1101, 110, '0,1,110', '租户查询', 'B', NULL, '', NULL, 'sys:tenant:list', NULL, NULL, 1, 1, '', NULL, now(), now(), NULL);
INSERT INTO `sys_menu` VALUES (1102, 110, '0,1,110', '租户新增', 'B', NULL, '', NULL, 'sys:tenant:create', NULL, NULL, 1, 2, '', NULL, now(), now(), NULL);
INSERT INTO `sys_menu` VALUES (1103, 110, '0,1,110', '租户编辑', 'B', NULL, '', NULL, 'sys:tenant:update', NULL, NULL, 1, 3, '', NULL, now(), now(), NULL);
INSERT INTO `sys_menu` VALUES (1104, 110, '0,1,110', '租户删除', 'B', NULL, '', NULL, 'sys:tenant:delete', NULL, NULL, 1, 4, '', NULL, now(), now(), NULL);
INSERT INTO `sys_menu` VALUES (1105, 110, '0,1,110', '租户启用/禁用', 'B', NULL, '', NULL, 'sys:tenant:change-status', NULL, NULL, 1, 5, '', NULL, now(), now(), NULL);
INSERT INTO `sys_menu` VALUES (1106, 110, '0,1,110', '租户切换', 'B', NULL, '', NULL, 'sys:tenant:switch', NULL, NULL, 1, 6, '', NULL, now(), now(), NULL);
INSERT INTO `sys_menu` VALUES (1107, 110, '0,1,110', '设置套餐', 'B', NULL, '', NULL, 'sys:tenant:plan-assign', NULL, NULL, 1, 7, '', NULL, now(), now(), NULL);
INSERT INTO `sys_menu` VALUES (120, 1, '0,1', '租户套餐', 'M', 'TenantPlan', 'tenant-plan', 'system/tenant/plan', NULL, NULL, 1, 1, 2, 'el-icon-CollectionTag', NULL, now(), now(), NULL);
INSERT INTO `sys_menu` VALUES (1201, 120, '0,1,120', '套餐查询', 'B', NULL, '', NULL, 'sys:tenant-plan:list', NULL, NULL, 1, 1, '', NULL, now(), now(), NULL);
INSERT INTO `sys_menu` VALUES (1202, 120, '0,1,120', '套餐新增', 'B', NULL, '', NULL, 'sys:tenant-plan:create', NULL, NULL, 1, 2, '', NULL, now(), now(), NULL);
INSERT INTO `sys_menu` VALUES (1203, 120, '0,1,120', '套餐编辑', 'B', NULL, '', NULL, 'sys:tenant-plan:update', NULL, NULL, 1, 3, '', NULL, now(), now(), NULL);
INSERT INTO `sys_menu` VALUES (1204, 120, '0,1,120', '套餐删除', 'B', NULL, '', NULL, 'sys:tenant-plan:delete', NULL, NULL, 1, 4, '', NULL, now(), now(), NULL);
INSERT INTO `sys_menu` VALUES (1205, 120, '0,1,120', '套餐菜单配置', 'B', NULL, '', NULL, 'sys:tenant-plan:assign', NULL, NULL, 1, 5, '', NULL, now(), now(), NULL);

-- 系统管理（租户侧）
INSERT INTO `sys_menu` VALUES (210, 2, '0,2', '用户管理', 'M', 'User', 'user', 'system/user/index', NULL, NULL, 1, 1, 1, 'el-icon-User', NULL, now(), now(), NULL);
INSERT INTO `sys_menu` VALUES (2101, 210, '0,2,210', '用户查询', 'B', NULL, '', NULL, 'sys:user:list', NULL, NULL, 1, 1, '', NULL, now(), now(), NULL);
INSERT INTO `sys_menu` VALUES (2102, 210, '0,2,210', '用户新增', 'B', NULL, '', NULL, 'sys:user:create', NULL, NULL, 1, 2, '', NULL, now(), now(), NULL);
INSERT INTO `sys_menu` VALUES (2103, 210, '0,2,210', '用户编辑', 'B', NULL, '', NULL, 'sys:user:update', NULL, NULL, 1, 3, '', NULL, now(), now(), NULL);
INSERT INTO `sys_menu` VALUES (2104, 210, '0,2,210', '用户删除', 'B', NULL, '', NULL, 'sys:user:delete', NULL, NULL, 1, 4, '', NULL, now(), now(), NULL);
INSERT INTO `sys_menu` VALUES (2105, 210, '0,2,210', '重置密码', 'B', NULL, '', NULL, 'sys:user:reset-password', NULL, NULL, 1, 5, '', NULL, now(), now(), NULL);
INSERT INTO `sys_menu` VALUES (2106, 210, '0,2,210', '用户导入', 'B', NULL, '', NULL, 'sys:user:import', NULL, NULL, 1, 6, '', NULL, now(), now(), NULL);
INSERT INTO `sys_menu` VALUES (2107, 210, '0,2,210', '用户导出', 'B', NULL, '', NULL, 'sys:user:export', NULL, NULL, 1, 7, '', NULL, now(), now(), NULL);

INSERT INTO `sys_menu` VALUES (220, 2, '0,2', '角色管理', 'M', 'Role', 'role', 'system/role/index', NULL, NULL, 1, 1, 2, 'role', NULL, now(), now(), NULL);
INSERT INTO `sys_menu` VALUES (2201, 220, '0,2,220', '角色查询', 'B', NULL, '', NULL, 'sys:role:list', NULL, NULL, 1, 1, '', NULL, now(), now(), NULL);
INSERT INTO `sys_menu` VALUES (2202, 220, '0,2,220', '角色新增', 'B', NULL, '', NULL, 'sys:role:create', NULL, NULL, 1, 2, '', NULL, now(), now(), NULL);
INSERT INTO `sys_menu` VALUES (2203, 220, '0,2,220', '角色编辑', 'B', NULL, '', NULL, 'sys:role:update', NULL, NULL, 1, 3, '', NULL, now(), now(), NULL);
INSERT INTO `sys_menu` VALUES (2204, 220, '0,2,220', '角色删除', 'B', NULL, '', NULL, 'sys:role:delete', NULL, NULL, 1, 4, '', NULL, now(), now(), NULL);
INSERT INTO `sys_menu` VALUES (2205, 220, '0,2,220', '角色分配权限', 'B', NULL, '', NULL, 'sys:role:assign', NULL, NULL, 1, 5, '', NULL, now(), now(), NULL);

INSERT INTO `sys_menu` VALUES (230, 1, '0,1', '菜单管理', 'M', 'SysMenu', 'menu', 'system/menu/index', NULL, NULL, 1, 1, 2, 'menu', NULL, now(), now(), NULL);
INSERT INTO `sys_menu` VALUES (2301, 230, '0,1,230', '菜单查询', 'B', NULL, '', NULL, 'sys:menu:list', NULL, NULL, 1, 1, '', NULL, now(), now(), NULL);
INSERT INTO `sys_menu` VALUES (2302, 230, '0,1,230', '菜单新增', 'B', NULL, '', NULL, 'sys:menu:create', NULL, NULL, 1, 2, '', NULL, now(), now(), NULL);
INSERT INTO `sys_menu` VALUES (2303, 230, '0,1,230', '菜单编辑', 'B', NULL, '', NULL, 'sys:menu:update', NULL, NULL, 1, 3, '', NULL, now(), now(), NULL);
INSERT INTO `sys_menu` VALUES (2304, 230, '0,1,230', '菜单删除', 'B', NULL, '', NULL, 'sys:menu:delete', NULL, NULL, 1, 4, '', NULL, now(), now(), NULL);

INSERT INTO `sys_menu` VALUES (240, 2, '0,2', '部门管理', 'M', 'Dept', 'dept', 'system/dept/index', NULL, NULL, 1, 1, 4, 'tree', NULL, now(), now(), NULL);
INSERT INTO `sys_menu` VALUES (2401, 240, '0,2,240', '部门查询', 'B', NULL, '', NULL, 'sys:dept:list', NULL, NULL, 1, 1, '', NULL, now(), now(), NULL);
INSERT INTO `sys_menu` VALUES (2402, 240, '0,2,240', '部门新增', 'B', NULL, '', NULL, 'sys:dept:create', NULL, NULL, 1, 2, '', NULL, now(), now(), NULL);
INSERT INTO `sys_menu` VALUES (2403, 240, '0,2,240', '部门编辑', 'B', NULL, '', NULL, 'sys:dept:update', NULL, NULL, 1, 3, '', NULL, now(), now(), NULL);
INSERT INTO `sys_menu` VALUES (2404, 240, '0,2,240', '部门删除', 'B', NULL, '', NULL, 'sys:dept:delete', NULL, NULL, 1, 4, '', NULL, now(), now(), NULL);

INSERT INTO `sys_menu` VALUES (250, 2, '0,2', '字典管理', 'M', 'Dict', 'dict', 'system/dict/index', NULL, NULL, 1, 1, 5, 'dict', NULL, now(), now(), NULL);
INSERT INTO `sys_menu` VALUES (2501, 250, '0,2,250', '字典查询', 'B', NULL, '', NULL, 'sys:dict:list', NULL, NULL, 1, 1, '', NULL, now(), now(), NULL);
INSERT INTO `sys_menu` VALUES (2502, 250, '0,2,250', '字典新增', 'B', NULL, '', NULL, 'sys:dict:create', NULL, NULL, 1, 2, '', NULL, now(), now(), NULL);
INSERT INTO `sys_menu` VALUES (2503, 250, '0,2,250', '字典编辑', 'B', NULL, '', NULL, 'sys:dict:update', NULL, NULL, 1, 3, '', NULL, now(), now(), NULL);
INSERT INTO `sys_menu` VALUES (2504, 250, '0,2,250', '字典删除', 'B', NULL, '', NULL, 'sys:dict:delete', NULL, NULL, 1, 4, '', NULL, now(), now(), NULL);

INSERT INTO `sys_menu` VALUES (251, 250, '0,2,250,251', '字典项', 'M', 'DictItem', 'dict-item', 'system/dict/dict-item', NULL, 0, 1, 0, 6, '', NULL, now(), now(), NULL);
INSERT INTO `sys_menu` VALUES (2511, 251, '0,2,250,251', '字典项查询', 'B', NULL, '', NULL, 'sys:dict-item:list', NULL, NULL, 1, 1, '', NULL, now(), now(), NULL);
INSERT INTO `sys_menu` VALUES (2512, 251, '0,2,250,251', '字典项新增', 'B', NULL, '', NULL, 'sys:dict-item:create', NULL, NULL, 1, 2, '', NULL, now(), now(), NULL);
INSERT INTO `sys_menu` VALUES (2513, 251, '0,2,250,251', '字典项编辑', 'B', NULL, '', NULL, 'sys:dict-item:update', NULL, NULL, 1, 3, '', NULL, now(), now(), NULL);
INSERT INTO `sys_menu` VALUES (2514, 251, '0,2,250,251', '字典项删除', 'B', NULL, '', NULL, 'sys:dict-item:delete', NULL, NULL, 1, 4, '', NULL, now(), now(), NULL);

INSERT INTO `sys_menu` VALUES (260, 2, '0,2', '系统日志', 'M', 'Log', 'log', 'system/log/index', NULL, 0, 1, 1, 7, 'document', NULL, now(), now(), NULL);

INSERT INTO `sys_menu` VALUES (270, 1, '0,1', '系统配置', 'M', 'Config', 'config', 'system/config/index', NULL, 0, 1, 1, 3, 'setting', NULL, now(), now(), NULL);
INSERT INTO `sys_menu` VALUES (2701, 270, '0,1,270', '系统配置查询', 'B', NULL, '', NULL, 'sys:config:list', 0, 1, 1, 1, '', NULL, now(), now(), NULL);
INSERT INTO `sys_menu` VALUES (2702, 270, '0,1,270', '系统配置新增', 'B', NULL, '', NULL, 'sys:config:create', 0, 1, 1, 2, '', NULL, now(), now(), NULL);
INSERT INTO `sys_menu` VALUES (2703, 270, '0,1,270', '系统配置修改', 'B', NULL, '', NULL, 'sys:config:update', 0, 1, 1, 3, '', NULL, now(), now(), NULL);
INSERT INTO `sys_menu` VALUES (2704, 270, '0,1,270', '系统配置删除', 'B', NULL, '', NULL, 'sys:config:delete', 0, 1, 1, 4, '', NULL, now(), now(), NULL);
INSERT INTO `sys_menu` VALUES (2705, 270, '0,1,270', '系统配置刷新', 'B', NULL, '', NULL, 'sys:config:refresh', 0, 1, 1, 5, '', NULL, now(), now(), NULL);

INSERT INTO `sys_menu` VALUES (280, 2, '0,2', '通知公告', 'M', 'Notice', 'notice', 'system/notice/index', NULL, NULL, NULL, 1, 9, '', NULL, now(), now(), NULL);
INSERT INTO `sys_menu` VALUES (2801, 280, '0,2,280', '通知查询', 'B', NULL, '', NULL, 'sys:notice:list', NULL, NULL, 1, 1, '', NULL, now(), now(), NULL);
INSERT INTO `sys_menu` VALUES (2802, 280, '0,2,280', '通知新增', 'B', NULL, '', NULL, 'sys:notice:create', NULL, NULL, 1, 2, '', NULL, now(), now(), NULL);
INSERT INTO `sys_menu` VALUES (2803, 280, '0,2,280', '通知编辑', 'B', NULL, '', NULL, 'sys:notice:update', NULL, NULL, 1, 3, '', NULL, now(), now(), NULL);
INSERT INTO `sys_menu` VALUES (2804, 280, '0,2,280', '通知删除', 'B', NULL, '', NULL, 'sys:notice:delete', NULL, NULL, 1, 4, '', NULL, now(), now(), NULL);
INSERT INTO `sys_menu` VALUES (2805, 280, '0,2,280', '通知发布', 'B', NULL, '', NULL, 'sys:notice:publish', 0, 1, 1, 5, '', NULL, now(), now(), NULL);
INSERT INTO `sys_menu` VALUES (2806, 280, '0,2,280', '通知撤回', 'B', NULL, '', NULL, 'sys:notice:revoke', 0, 1, 1, 6, '', NULL, now(), now(), NULL);

-- 代码生成
INSERT INTO `sys_menu` VALUES (310, 3, '0,3', '代码生成', 'M', 'Codegen', 'codegen', 'codegen/index', NULL, NULL, 1, 1, 1, 'code', NULL, now(), now(), NULL);

-- AI 助手
INSERT INTO `sys_menu` VALUES (401, 4, '0,4', 'AI命令记录', 'M', 'ai', 'ai', 'ai/index', NULL, NULL, 1, 1, 1, 'document', NULL, now(), now(), NULL);

-- 平台文档（外链通过 route_path 识别）
INSERT INTO `sys_menu` VALUES (501, 5, '0,5', '平台文档(外链)', 'M', NULL, 'https://juejin.cn/post/7228990409909108793', '', NULL, NULL, NULL, 1, 1, 'document', '', now(), now(), NULL);
INSERT INTO `sys_menu` VALUES (502, 5, '0,5', '后端文档', 'M', NULL, 'https://youlai.blog.csdn.net/article/details/145178880', '', NULL, NULL, NULL, 1, 2, 'document', '', now(), now(), NULL);
INSERT INTO `sys_menu` VALUES (503, 5, '0,5', '移动端文档', 'M', NULL, 'https://youlai.blog.csdn.net/article/details/143222890', '', NULL, NULL, NULL, 1, 3, 'document', '', now(), now(), NULL);
INSERT INTO `sys_menu` VALUES (504, 5, '0,5', '内部文档', 'M', NULL, 'internal-doc', 'demo/internal-doc', NULL, NULL, NULL, 1, 4, 'document', '', now(), now(), NULL);

-- 接口文档
INSERT INTO `sys_menu` VALUES (601, 6, '0,6', 'Apifox', 'M', 'Apifox', 'apifox', 'demo/api/apifox', NULL, NULL, 1, 1, 1, 'api', '', now(), now(), NULL);

-- 组件封装
INSERT INTO `sys_menu` VALUES (701, 7, '0,7', '富文本编辑器', 'M', 'WangEditor', 'wang-editor', 'demo/wang-editor', NULL, NULL, 1, 1, 2, '', '', now(), now(), NULL);
INSERT INTO `sys_menu` VALUES (702, 7, '0,7', '图片上传', 'M', 'Upload', 'upload', 'demo/upload', NULL, NULL, 1, 1, 3, '', '', now(), now(), NULL);
INSERT INTO `sys_menu` VALUES (703, 7, '0,7', '图标选择器', 'M', 'IconSelect', 'icon-select', 'demo/icon-select', NULL, NULL, 1, 1, 4, '', '', now(), now(), NULL);
INSERT INTO `sys_menu` VALUES (704, 7, '0,7', '字典组件', 'M', 'DictDemo', 'dict-demo', 'demo/dictionary', NULL, NULL, 1, 1, 4, '', '', now(), now(), NULL);
INSERT INTO `sys_menu` VALUES (705, 7, '0,7', '增删改查', 'M', 'Curd', 'curd', 'demo/curd/index', NULL, NULL, 1, 1, 0, '', '', now(), now(), NULL);
INSERT INTO `sys_menu` VALUES (706, 7, '0,7', '列表选择器', 'M', 'TableSelect', 'table-select', 'demo/table-select/index', NULL, NULL, 1, 1, 1, '', '', now(), now(), NULL);
INSERT INTO `sys_menu` VALUES (707, 7, '0,7', '拖拽组件', 'M', 'Drag', 'drag', 'demo/drag', NULL, NULL, NULL, 1, 5, '', '', now(), now(), NULL);
INSERT INTO `sys_menu` VALUES (708, 7, '0,7', '滚动文本', 'M', 'TextScroll', 'text-scroll', 'demo/text-scroll', NULL, NULL, NULL, 1, 6, '', '', now(), now(), NULL);
INSERT INTO `sys_menu` VALUES (709, 7, '0,7', '自适应表格操作列', 'M', 'AutoOperationColumn', 'operation-column', 'demo/auto-operation-column', NULL, NULL, 1, 1, 1, '', '', now(), now(), NULL);

-- 功能演示
INSERT INTO `sys_menu` VALUES (801, 8, '0,8', 'Websocket', 'M', 'WebSocket', '/function/websocket', 'demo/websocket', NULL, NULL, 1, 1, 1, '', '', now(), now(), NULL);
INSERT INTO `sys_menu` VALUES (802, 8, '0,8', 'Icons', 'M', 'IconDemo', 'icon-demo', 'demo/icons', NULL, NULL, 1, 1, 2, 'el-icon-Notification', '', now(), now(), NULL);
INSERT INTO `sys_menu` VALUES (803, 8, '0,8', '字典实时同步', 'M', 'DictSync', 'dict-sync', 'demo/dict-sync', NULL, NULL, NULL, 1, 3, '', '', now(), now(), NULL);
INSERT INTO `sys_menu` VALUES (804, 8, '0,8', 'VxeTable', 'M', 'VxeTable', 'vxe-table', 'demo/vxe-table/index', NULL, NULL, 1, 1, 4, 'el-icon-MagicStick', '', now(), now(), NULL);
INSERT INTO `sys_menu` VALUES (805, 8, '0,8', 'CURD单文件', 'M', 'CurdSingle', 'curd-single', 'demo/curd-single', NULL, NULL, 1, 1, 5, 'el-icon-Reading', '', now(), now(), NULL);

-- 多级菜单示例
INSERT INTO `sys_menu` VALUES (910, 9, '0,9', '菜单一级', 'C', NULL, 'multi-level1', 'Layout', NULL, 1, NULL, 1, 1, '', '', now(), now(), NULL);
INSERT INTO `sys_menu` VALUES (911, 910, '0,9,910', '菜单二级', 'C', NULL, 'multi-level2', 'Layout', NULL, 0, NULL, 1, 1, '', NULL, now(), now(), NULL);
INSERT INTO `sys_menu` VALUES (912, 911, '0,9,910,911', '菜单三级-1', 'M', NULL, 'multi-level3-1', 'demo/multi-level/children/children/level3-1', NULL, 0, 1, 1, 1, '', '', now(), now(), NULL);
INSERT INTO `sys_menu` VALUES (913, 911, '0,9,910,911', '菜单三级-2', 'M', NULL, 'multi-level3-2', 'demo/multi-level/children/children/level3-2', NULL, 0, 1, 1, 2, '', '', now(), now(), NULL);

-- 路由参数
INSERT INTO `sys_menu` VALUES (1001, 10, '0,10', '参数(type=1)', 'M', 'RouteParamType1', 'route-param-type1', 'demo/route-param', NULL, 0, 1, 1, 1, 'el-icon-Star', NULL, now(), now(), '{"type": "1"}');
INSERT INTO `sys_menu` VALUES (1002, 10, '0,10', '参数(type=2)', 'M', 'RouteParamType2', 'route-param-type2', 'demo/route-param', NULL, 0, 1, 1, 2, 'el-icon-StarFilled', NULL, now(), now(), '{"type": "2"}');

-- ----------------------------
-- Menu scope init
-- ----------------------------
ALTER TABLE `sys_menu`
    ADD COLUMN `scope` tinyint(1) NOT NULL DEFAULT 2 COMMENT '菜单范围(1=平台菜单 2=业务菜单)';

UPDATE `sys_menu`
SET `scope` = 1
WHERE `id` = 1 OR `tree_path` LIKE '0,1%';

-- ----------------------------
-- Table structure for sys_tenant_menu
-- ----------------------------
DROP TABLE IF EXISTS `sys_tenant_menu`;
CREATE TABLE `sys_tenant_menu`  (
                                    `tenant_id` bigint NOT NULL COMMENT '租户ID',
                                    `menu_id` bigint NOT NULL COMMENT '菜单ID',
                                    PRIMARY KEY (`tenant_id`, `menu_id`) USING BTREE,
                                    KEY `idx_tenant_menu_menu_id` (`menu_id`)
) ENGINE = InnoDB CHARACTER SET = utf8mb4 COMMENT = '租户菜单关联表';

-- ----------------------------
-- Records of sys_tenant_menu
-- ----------------------------
-- 平台租户（tenant_id=0）可用菜单：全量菜单
INSERT INTO `sys_tenant_menu` (tenant_id, menu_id)
SELECT 0, id FROM `sys_menu`;

-- 演示租户（tenant_id=1）可用菜单：仅租户菜单（不含平台管理）
INSERT INTO `sys_tenant_menu` (tenant_id, menu_id)
SELECT 1, id FROM `sys_menu`
WHERE scope = 2;

-- ----------------------------
-- Table structure for sys_tenant_plan
-- ----------------------------
DROP TABLE IF EXISTS `sys_tenant_plan`;
CREATE TABLE `sys_tenant_plan`  (
                                  `id` bigint NOT NULL AUTO_INCREMENT COMMENT '套餐ID',
                                  `name` varchar(100) NOT NULL COMMENT '套餐名称',
                                  `code` varchar(50) NOT NULL COMMENT '套餐编码',
                                  `status` tinyint DEFAULT '1' COMMENT '状态(1-启用 0-停用)',
                                  `sort` int DEFAULT 0 COMMENT '排序',
                                  `remark` varchar(500) DEFAULT NULL COMMENT '备注',
                                  `create_time` datetime NULL COMMENT '创建时间',
                                  `update_time` datetime NULL COMMENT '更新时间',
                                  PRIMARY KEY (`id`) USING BTREE,
                                  UNIQUE KEY `uk_code` (`code`)
) ENGINE = InnoDB CHARACTER SET = utf8mb4 COMMENT = '租户套餐表';

-- ----------------------------
-- Table structure for sys_tenant_plan_menu
-- ----------------------------
DROP TABLE IF EXISTS `sys_tenant_plan_menu`;
CREATE TABLE `sys_tenant_plan_menu`  (
                                       `plan_id` bigint NOT NULL COMMENT '套餐ID',
                                       `menu_id` bigint NOT NULL COMMENT '菜单ID',
                                       PRIMARY KEY (`plan_id`, `menu_id`) USING BTREE,
                                       KEY `idx_plan_menu_menu_id` (`menu_id`)
) ENGINE = InnoDB CHARACTER SET = utf8mb4 COMMENT = '租户套餐菜单关联表';

-- ----------------------------
-- Records of sys_tenant_plan
-- ----------------------------
INSERT INTO `sys_tenant_plan` VALUES (1, '基础套餐', 'BASIC', 1, 1, '仅系统管理菜单', now(), now());
INSERT INTO `sys_tenant_plan` VALUES (2, '高级套餐', 'PRO', 1, 2, '全部租户菜单', now(), now());

-- ----------------------------
-- Records of sys_tenant_plan_menu
-- ----------------------------
-- 基础套餐：系统管理菜单
INSERT INTO `sys_tenant_plan_menu` (plan_id, menu_id)
SELECT 1, id FROM `sys_menu`
WHERE id = 2 OR tree_path LIKE '0,2%';

-- 高级套餐：全部租户菜单
INSERT INTO `sys_tenant_plan_menu` (plan_id, menu_id)
SELECT 2, id FROM `sys_menu`
WHERE scope = 2;

-- ----------------------------
-- Table structure for sys_role
-- ----------------------------
DROP TABLE IF EXISTS `sys_role`;
CREATE TABLE `sys_role`  (
                             `id` bigint NOT NULL AUTO_INCREMENT,
                             `tenant_id` bigint DEFAULT 0 COMMENT '租户ID',
                             `name` varchar(64) NOT NULL COMMENT '角色名称',
                             `code` varchar(32) NOT NULL COMMENT '角色编码',
                             `sort` int NULL COMMENT '显示顺序',
                             `status` tinyint(1) DEFAULT 1 COMMENT '角色状态(1-正常 0-停用)',
                             `data_scope` tinyint NULL COMMENT '数据权限(1-所有数据 2-部门及子部门数据 3-本部门数据 4-本人数据)',
                             `create_by` bigint NULL COMMENT '创建人 ID',
                             `create_time` datetime NULL COMMENT '创建时间',
                             `update_by` bigint NULL COMMENT '更新人ID',
                             `update_time` datetime NULL COMMENT '更新时间',
                             `is_deleted` tinyint(1) DEFAULT 0 COMMENT '逻辑删除标识(0-未删除 1-已删除)',
                             PRIMARY KEY (`id`) USING BTREE,
                             UNIQUE INDEX `uk_tenant_name`(`tenant_id` ASC, `name` ASC, `is_deleted` ASC) USING BTREE COMMENT '租户内角色名称唯一索引',
                             UNIQUE INDEX `uk_tenant_code`(`tenant_id` ASC, `code` ASC, `is_deleted` ASC) USING BTREE COMMENT '租户内角色编码唯一索引',
                             KEY `idx_tenant_id` (`tenant_id`)
) ENGINE = InnoDB CHARACTER SET = utf8mb4 COMMENT = '系统角色表';

-- ----------------------------
-- Records of sys_role
-- ----------------------------
-- 默认租户（tenant_id=0）的角色
INSERT INTO `sys_role` VALUES (1, 0, '超级管理员', 'ROOT', 1, 1, 1, NULL, now(), NULL, now(), 0);
INSERT INTO `sys_role` VALUES (2, 0, '系统管理员', 'ADMIN', 2, 1, 1, NULL, now(), NULL, NULL, 0);
INSERT INTO `sys_role` VALUES (3, 0, '访问游客', 'GUEST', 3, 1, 3, NULL, now(), NULL, now(), 0);
INSERT INTO `sys_role` VALUES (4, 0, '系统管理员1', 'ADMIN1', 4, 1, 1, NULL, now(), NULL, NULL, 0);
INSERT INTO `sys_role` VALUES (5, 0, '系统管理员2', 'ADMIN2', 5, 1, 1, NULL, now(), NULL, NULL, 0);
INSERT INTO `sys_role` VALUES (6, 0, '系统管理员3', 'ADMIN3', 6, 1, 1, NULL, now(), NULL, NULL, 0);
INSERT INTO `sys_role` VALUES (7, 0, '系统管理员4', 'ADMIN4', 7, 1, 1, NULL, now(), NULL, NULL, 0);
INSERT INTO `sys_role` VALUES (8, 0, '系统管理员5', 'ADMIN5', 8, 1, 1, NULL, now(), NULL, NULL, 0);
INSERT INTO `sys_role` VALUES (9, 0, '系统管理员6', 'ADMIN6', 9, 1, 1, NULL, now(), NULL, NULL, 0);
INSERT INTO `sys_role` VALUES (10, 0, '系统管理员7', 'ADMIN7', 10, 1, 1, NULL, now(), NULL, NULL, 0);
INSERT INTO `sys_role` VALUES (11, 0, '系统管理员8', 'ADMIN8', 11, 1, 1, NULL, now(), NULL, NULL, 0);
INSERT INTO `sys_role` VALUES (12, 0, '系统管理员9', 'ADMIN9', 12, 1, 1, NULL, now(), NULL, NULL, 0);

-- 演示租户（tenant_id=1）的角色
INSERT INTO `sys_role` VALUES (13, 1, '演示租户管理员', 'DEMO_ADMIN', 1, 1, 1, NULL, now(), NULL, now(), 0);
INSERT INTO `sys_role` VALUES (14, 1, '演示普通用户', 'DEMO_USER', 2, 1, 3, NULL, now(), NULL, now(), 0);
INSERT INTO `sys_role` VALUES (15, 1, '演示租户系统管理员', 'ADMIN', 3, 1, 1, NULL, now(), NULL, now(), 0);

-- ----------------------------
-- Table structure for sys_role_menu
-- ----------------------------
DROP TABLE IF EXISTS `sys_role_menu`;
CREATE TABLE `sys_role_menu`  (
                                  `role_id` bigint NOT NULL COMMENT '角色ID',
                                  `menu_id` bigint NOT NULL COMMENT '菜单ID',
                                  `tenant_id` bigint DEFAULT 0 COMMENT '租户ID',
                                  UNIQUE INDEX `uk_roleid_menuid`(`role_id` ASC, `menu_id` ASC) USING BTREE COMMENT '角色菜单唯一索引',
                                  KEY `idx_role_menu_tenant_id` (`tenant_id`),
                                  KEY `idx_tenant_role` (`tenant_id`, `role_id`)
) ENGINE = InnoDB CHARACTER SET = utf8mb4 COMMENT = '角色菜单关联表';

-- ----------------------------
-- Records of sys_role_menu
-- ----------------------------
-- ============================================
-- ROOT 角色菜单权限（role_id=1）- 拥有所有权限
-- 顶级目录
INSERT INTO `sys_role_menu` VALUES (1, 1, 0), (1, 2, 0), (1, 3, 0), (1, 4, 0), (1, 5, 0), (1, 6, 0), (1, 7, 0), (1, 8, 0), (1, 9, 0), (1, 10, 0);
-- 平台管理
INSERT INTO `sys_role_menu` VALUES (1, 110, 0), (1, 1101, 0), (1, 1102, 0), (1, 1103, 0), (1, 1104, 0), (1, 1105, 0), (1, 1106, 0), (1, 1107, 0);
INSERT INTO `sys_role_menu` VALUES (1, 1108, 0);
INSERT INTO `sys_role_menu` VALUES (1, 120, 0), (1, 1201, 0), (1, 1202, 0), (1, 1203, 0), (1, 1204, 0), (1, 1205, 0);
INSERT INTO `sys_role_menu` VALUES (1, 230, 0), (1, 2301, 0), (1, 2302, 0), (1, 2303, 0), (1, 2304, 0);
INSERT INTO `sys_role_menu` VALUES (1, 270, 0), (1, 2701, 0), (1, 2702, 0), (1, 2703, 0), (1, 2704, 0), (1, 2705, 0);
-- 系统管理
INSERT INTO `sys_role_menu` VALUES (1, 210, 0), (1, 2101, 0), (1, 2102, 0), (1, 2103, 0), (1, 2104, 0), (1, 2105, 0), (1, 2106, 0), (1, 2107, 0);
INSERT INTO `sys_role_menu` VALUES (1, 220, 0), (1, 2201, 0), (1, 2202, 0), (1, 2203, 0), (1, 2204, 0), (1, 2205, 0);
INSERT INTO `sys_role_menu` VALUES (1, 240, 0), (1, 2401, 0), (1, 2402, 0), (1, 2403, 0), (1, 2404, 0);
INSERT INTO `sys_role_menu` VALUES (1, 250, 0), (1, 2501, 0), (1, 2502, 0), (1, 2503, 0), (1, 2504, 0);
INSERT INTO `sys_role_menu` VALUES (1, 251, 0), (1, 2511, 0), (1, 2512, 0), (1, 2513, 0), (1, 2514, 0);
INSERT INTO `sys_role_menu` VALUES (1, 260, 0);
INSERT INTO `sys_role_menu` VALUES (1, 280, 0), (1, 2801, 0), (1, 2802, 0), (1, 2803, 0), (1, 2804, 0), (1, 2805, 0), (1, 2806, 0);
-- 代码生成
INSERT INTO `sys_role_menu` VALUES (1, 310, 0);
-- AI 助手
INSERT INTO `sys_role_menu` VALUES (1, 401, 0);
-- 平台文档
INSERT INTO `sys_role_menu` VALUES (1, 501, 0), (1, 502, 0), (1, 503, 0), (1, 504, 0);
-- 接口文档
INSERT INTO `sys_role_menu` VALUES (1, 601, 0);
-- 组件封装
INSERT INTO `sys_role_menu` VALUES (1, 701, 0), (1, 702, 0), (1, 703, 0), (1, 704, 0), (1, 705, 0), (1, 706, 0), (1, 707, 0), (1, 708, 0), (1, 709, 0);
-- 功能演示 / 多级菜单
INSERT INTO `sys_role_menu` VALUES (1, 801, 0), (1, 802, 0), (1, 803, 0), (1, 804, 0), (1, 805, 0), (1, 910, 0), (1, 911, 0), (1, 912, 0), (1, 913, 0);
-- 路由参数
INSERT INTO `sys_role_menu` VALUES (1, 1001, 0), (1, 1002, 0);

-- ============================================
-- 系统管理员角色菜单权限（role_id=2）
-- 顶级目录
INSERT INTO `sys_role_menu` VALUES (2, 1, 0), (2, 2, 0), (2, 3, 0), (2, 4, 0), (2, 5, 0), (2, 6, 0), (2, 7, 0), (2, 8, 0), (2, 9, 0), (2, 10, 0);
 -- 平台管理
 INSERT INTO `sys_role_menu` VALUES (2, 110, 0), (2, 1101, 0), (2, 1102, 0), (2, 1103, 0), (2, 1104, 0), (2, 1105, 0), (2, 1106, 0), (2, 1107, 0);
 INSERT INTO `sys_role_menu` VALUES (2, 1108, 0);
 INSERT INTO `sys_role_menu` VALUES (2, 120, 0), (2, 1201, 0), (2, 1202, 0), (2, 1203, 0), (2, 1204, 0), (2, 1205, 0);
 -- 系统管理
 INSERT INTO `sys_role_menu` VALUES (2, 210, 0), (2, 2101, 0), (2, 2102, 0), (2, 2103, 0), (2, 2104, 0), (2, 2105, 0), (2, 2106, 0), (2, 2107, 0);
 INSERT INTO `sys_role_menu` VALUES (2, 220, 0), (2, 2201, 0), (2, 2202, 0), (2, 2203, 0), (2, 2204, 0), (2, 2205, 0);
 INSERT INTO `sys_role_menu` VALUES (2, 230, 0), (2, 2301, 0), (2, 2302, 0), (2, 2303, 0), (2, 2304, 0);
 INSERT INTO `sys_role_menu` VALUES (2, 240, 0), (2, 2401, 0), (2, 2402, 0), (2, 2403, 0), (2, 2404, 0);
 INSERT INTO `sys_role_menu` VALUES (2, 250, 0), (2, 2501, 0), (2, 2502, 0), (2, 2503, 0), (2, 2504, 0);
INSERT INTO `sys_role_menu` VALUES (2, 251, 0), (2, 2511, 0), (2, 2512, 0), (2, 2513, 0), (2, 2514, 0);
INSERT INTO `sys_role_menu` VALUES (2, 260, 0);
INSERT INTO `sys_role_menu` VALUES (2, 270, 0), (2, 2701, 0), (2, 2702, 0), (2, 2703, 0), (2, 2704, 0), (2, 2705, 0);
INSERT INTO `sys_role_menu` VALUES (2, 280, 0), (2, 2801, 0), (2, 2802, 0), (2, 2803, 0), (2, 2804, 0), (2, 2805, 0), (2, 2806, 0);
-- 代码生成
INSERT INTO `sys_role_menu` VALUES (2, 310, 0);
-- AI 助手
INSERT INTO `sys_role_menu` VALUES (2, 401, 0);
-- 平台文档
INSERT INTO `sys_role_menu` VALUES (2, 501, 0), (2, 502, 0), (2, 503, 0), (2, 504, 0);
-- 接口文档
INSERT INTO `sys_role_menu` VALUES (2, 601, 0);
-- 组件封装
INSERT INTO `sys_role_menu` VALUES (2, 701, 0), (2, 702, 0), (2, 703, 0), (2, 704, 0), (2, 705, 0), (2, 706, 0), (2, 707, 0), (2, 708, 0), (2, 709, 0);
-- 功能演示 / 多级菜单
INSERT INTO `sys_role_menu` VALUES (2, 801, 0), (2, 802, 0), (2, 803, 0), (2, 804, 0), (2, 805, 0), (2, 910, 0), (2, 911, 0), (2, 912, 0), (2, 913, 0);
-- 路由参数
INSERT INTO `sys_role_menu` VALUES (2, 1001, 0), (2, 1002, 0);

-- ============================================
-- 演示租户角色菜单权限（tenant_id=1）
-- ============================================
-- 演示租户管理员（role_id=13）- 拥有系统管理权限（不包含平台管理）
-- 顶级目录（仅系统管理相关）
INSERT INTO `sys_role_menu` VALUES (13, 2, 1), (13, 3, 1), (13, 4, 1), (13, 5, 1), (13, 6, 1), (13, 7, 1), (13, 8, 1), (13, 9, 1), (13, 10, 1);
-- 系统管理（租户侧）
INSERT INTO `sys_role_menu` VALUES (13, 210, 1), (13, 2101, 1), (13, 2102, 1), (13, 2103, 1), (13, 2104, 1), (13, 2105, 1), (13, 2106, 1), (13, 2107, 1);
INSERT INTO `sys_role_menu` VALUES (13, 220, 1), (13, 2201, 1), (13, 2202, 1), (13, 2203, 1), (13, 2204, 1), (13, 2205, 1);
INSERT INTO `sys_role_menu` VALUES (13, 240, 1), (13, 2401, 1), (13, 2402, 1), (13, 2403, 1), (13, 2404, 1);
INSERT INTO `sys_role_menu` VALUES (13, 250, 1), (13, 2501, 1), (13, 2502, 1), (13, 2503, 1), (13, 2504, 1);
INSERT INTO `sys_role_menu` VALUES (13, 251, 1), (13, 2511, 1), (13, 2512, 1), (13, 2513, 1), (13, 2514, 1);
INSERT INTO `sys_role_menu` VALUES (13, 260, 1);
INSERT INTO `sys_role_menu` VALUES (13, 280, 1), (13, 2801, 1), (13, 2802, 1), (13, 2803, 1), (13, 2804, 1), (13, 2805, 1), (13, 2806, 1);
-- 代码生成
INSERT INTO `sys_role_menu` VALUES (13, 310, 1);
-- AI 助手
INSERT INTO `sys_role_menu` VALUES (13, 401, 1);
-- 平台文档
INSERT INTO `sys_role_menu` VALUES (13, 501, 1), (13, 502, 1), (13, 503, 1), (13, 504, 1);
-- 接口文档
INSERT INTO `sys_role_menu` VALUES (13, 601, 1);
-- 组件封装
INSERT INTO `sys_role_menu` VALUES (13, 701, 1), (13, 702, 1), (13, 703, 1), (13, 704, 1), (13, 705, 1), (13, 706, 1), (13, 707, 1), (13, 708, 1), (13, 709, 1);
-- 功能演示 / 多级菜单
INSERT INTO `sys_role_menu` VALUES (13, 801, 1), (13, 802, 1), (13, 803, 1), (13, 804, 1), (13, 805, 1), (13, 910, 1), (13, 911, 1), (13, 912, 1), (13, 913, 1);
-- 路由参数
INSERT INTO `sys_role_menu` VALUES (13, 1001, 1), (13, 1002, 1);

-- 演示租户系统管理员（role_id=15）- 复用演示租户管理员菜单权限
INSERT INTO `sys_role_menu` (role_id, menu_id, tenant_id)
SELECT 15, menu_id, 1 FROM `sys_role_menu` WHERE role_id = 13 AND tenant_id = 1;

-- 演示普通用户（role_id=14）- 仅查看权限
INSERT INTO `sys_role_menu` VALUES (14, 2, 1), (14, 210, 1), (14, 2101, 1), (14, 220, 1), (14, 2201, 1), (14, 240, 1), (14, 2401, 1), (14, 250, 1), (14, 2501, 1), (14, 260, 1), (14, 280, 1), (14, 2801, 1);
-- ----------------------------
-- Table structure for sys_user
-- ----------------------------
DROP TABLE IF EXISTS `sys_user`;
CREATE TABLE `sys_user`  (
                             `id` bigint NOT NULL AUTO_INCREMENT,
                             `tenant_id` bigint DEFAULT 0 COMMENT '租户ID',
                              `username` varchar(64) COMMENT '用户名',
                             `nickname` varchar(64) COMMENT '昵称',
                             `gender` tinyint(1) DEFAULT 1 COMMENT '性别((1-男 2-女 0-保密)',
                             `password` varchar(100) COMMENT '密码',
                             `dept_id` int COMMENT '部门ID',
                             `avatar` varchar(255) COMMENT '用户头像',
                             `mobile` varchar(20) COMMENT '联系方式',
                             `status` tinyint(1) DEFAULT 1 COMMENT '状态(1-正常 0-禁用)',
                             `email` varchar(128) COMMENT '用户邮箱',
                             `create_time` datetime COMMENT '创建时间',
                             `create_by` bigint COMMENT '创建人ID',
                             `update_time` datetime COMMENT '更新时间',
                             `update_by` bigint COMMENT '修改人ID',
                             `is_deleted` tinyint(1) DEFAULT 0 COMMENT '逻辑删除标识(0-未删除 1-已删除)',
                             `openid` char(28) COMMENT '微信 openid',
                             PRIMARY KEY (`id`) USING BTREE,
                             UNIQUE KEY `uk_username_tenant` (`username`, `tenant_id`, `is_deleted`),
                             KEY `idx_tenant_id` (`tenant_id`)
) ENGINE = InnoDB CHARACTER SET = utf8mb4 COMMENT = '系统用户表';

-- ----------------------------
-- Records of sys_user
-- ----------------------------
-- 平台租户（tenant_id=0）的用户
INSERT INTO `sys_user` VALUES (1, 0, 'root', '平台租户超级管理员', 0, '$2a$10$xVWsNOhHrCxh5UbpCE7/HuJ.PAOKcYAqRxD2CO2nVnJS.IAXkr5aq', NULL, 'https://foruda.gitee.com/images/1723603502796844527/03cdca2a_716974.gif', '18812345677', 1, 'youlaitech@163.com', now(), NULL, now(), NULL, 0, NULL);
INSERT INTO `sys_user` VALUES (2, 0, 'admin', '平台租户系统管理员', 1, '$2a$10$xVWsNOhHrCxh5UbpCE7/HuJ.PAOKcYAqRxD2CO2nVnJS.IAXkr5aq', 1, 'https://foruda.gitee.com/images/1723603502796844527/03cdca2a_716974.gif', '18812345678', 1, 'youlaitech@163.com', now(), NULL, now(), NULL, 0, NULL);
INSERT INTO `sys_user` VALUES (3, 0, 'test', '平台租户测试天命人', 1, '$2a$10$xVWsNOhHrCxh5UbpCE7/HuJ.PAOKcYAqRxD2CO2nVnJS.IAXkr5aq', 3, 'https://foruda.gitee.com/images/1723603502796844527/03cdca2a_716974.gif', '18812345679', 1, 'youlaitech@163.com', now(), NULL, now(), NULL, 0, NULL);

-- 演示租户（tenant_id=1）的用户
INSERT INTO `sys_user` VALUES (4, 1, 'admin', '演示租户管理员', 1, '$2a$10$xVWsNOhHrCxh5UbpCE7/HuJ.PAOKcYAqRxD2CO2nVnJS.IAXkr5aq', 4, 'https://foruda.gitee.com/images/1723603502796844527/03cdca2a_716974.gif', '18812345680', 1, 'demo@youlai.tech', now(), NULL, now(), NULL, 0, NULL);
INSERT INTO `sys_user` VALUES (5, 1, 'test', '演示测试人员', 1, '$2a$10$xVWsNOhHrCxh5UbpCE7/HuJ.PAOKcYAqRxD2CO2nVnJS.IAXkr5aq', 6, 'https://foruda.gitee.com/images/1723603502796844527/03cdca2a_716974.gif', '18812345681', 1, 'test@youlai.tech', now(), NULL, now(), NULL, 0, NULL);

-- ----------------------------
-- Table structure for sys_user_role
-- ----------------------------
DROP TABLE IF EXISTS `sys_user_role`;
CREATE TABLE `sys_user_role`  (
                                  `user_id` bigint NOT NULL COMMENT '用户ID',
                                  `role_id` bigint NOT NULL COMMENT '角色ID',
                                  `tenant_id` bigint DEFAULT 0 COMMENT '租户ID',
                                  PRIMARY KEY (`user_id`, `role_id`) USING BTREE,
                                  KEY `idx_user_role_tenant_id` (`tenant_id`)
) ENGINE = InnoDB CHARACTER SET = utf8mb4 COMMENT = '用户角色关联表';

-- ----------------------------
-- Records of sys_user_role
-- ----------------------------
-- 默认租户（tenant_id=0）的用户角色关联
INSERT INTO `sys_user_role` VALUES (1, 1, 0);
INSERT INTO `sys_user_role` VALUES (2, 2, 0);
INSERT INTO `sys_user_role` VALUES (3, 3, 0);

-- 演示租户（tenant_id=1）的用户角色关联
INSERT INTO `sys_user_role` VALUES (4, 13, 1);
INSERT INTO `sys_user_role` VALUES (4, 15, 1);
INSERT INTO `sys_user_role` VALUES (5, 14, 1);


-- ----------------------------
-- Table structure for sys_log
-- ----------------------------
DROP TABLE IF EXISTS `sys_log`;
CREATE TABLE `sys_log` (
                           `id` bigint NOT NULL AUTO_INCREMENT COMMENT '主键',
                           `tenant_id` bigint DEFAULT 0 COMMENT '租户ID',
                           `module` varchar(50) NOT NULL COMMENT '日志模块',
                           `request_method` varchar(64) NOT NULL COMMENT '请求方式',
                           `request_params` text COMMENT '请求参数(批量请求参数可能会超过text)',
                           `response_content` mediumtext COMMENT '返回参数',
                           `content` varchar(255) NOT NULL COMMENT '日志内容',
                           `request_uri` varchar(255) COMMENT '请求路径',
                           `method` varchar(255) COMMENT '方法名',
                           `ip` varchar(45) COMMENT 'IP地址',
                           `province` varchar(100) COMMENT '省份',
                           `city` varchar(100) COMMENT '城市',
                           `execution_time` bigint COMMENT '执行时间(ms)',
                           `browser` varchar(100) COMMENT '浏览器',
                           `browser_version` varchar(100) COMMENT '浏览器版本',
                           `os` varchar(100) COMMENT '终端系统',
                           `create_by` bigint COMMENT '创建人ID',
                           `create_time` datetime COMMENT '创建时间',
                           `is_deleted` tinyint DEFAULT '0' COMMENT '逻辑删除标识(1-已删除 0-未删除)',
                           PRIMARY KEY (`id`) USING BTREE,
                           KEY `idx_create_time` (`create_time`),
                           KEY `idx_tenant_id` (`tenant_id`)
) ENGINE=MyISAM DEFAULT CHARSET=utf8mb4 COMMENT='系统操作日志表';

-- ----------------------------
-- Table structure for gen_table
-- ----------------------------
DROP TABLE IF EXISTS `gen_table`;
CREATE TABLE `gen_table` (
                              `id` bigint NOT NULL AUTO_INCREMENT,
                              `table_name` varchar(100) NOT NULL COMMENT '表名',
                              `module_name` varchar(100) COMMENT '模块名',
                              `package_name` varchar(255) NOT NULL COMMENT '包名',
                              `business_name` varchar(100) NOT NULL COMMENT '业务名',
                              `entity_name` varchar(100) NOT NULL COMMENT '实体类名',
                              `author` varchar(50) NOT NULL COMMENT '作者',
                              `parent_menu_id` bigint COMMENT '上级菜单ID，对应sys_menu的id ',
                              `remove_table_prefix` varchar(20) COMMENT '要移除的表前缀，如: sys_',
                              `page_type` varchar(20) COMMENT '页面类型(classic|curd)',
                              `create_time` datetime COMMENT '创建时间',
                              `update_time` datetime COMMENT '更新时间',
                              `is_deleted` tinyint(4) DEFAULT 0 COMMENT '是否删除',
                              PRIMARY KEY (`id`),
                              UNIQUE KEY `uk_tablename` (`table_name`)
) ENGINE=InnoDB DEFAULT CHARSET=utf8mb4 COMMENT='代码生成配置表';

-- ----------------------------
-- Table structure for gen_table_column
-- ----------------------------
DROP TABLE IF EXISTS `gen_table_column`;
CREATE TABLE `gen_table_column` (
                                    `id` bigint NOT NULL AUTO_INCREMENT,
                                    `table_id` bigint NOT NULL COMMENT '关联的表配置ID',
                                    `column_name` varchar(100)  ,
                                    `column_type` varchar(50)  ,
                                    `column_length` int ,
                                    `field_name` varchar(100) NOT NULL COMMENT '字段名称',
                                    `field_type` varchar(100) COMMENT '字段类型',
                                    `field_sort` int COMMENT '字段排序',
                                    `field_comment` varchar(255) COMMENT '字段描述',
                                    `max_length` int ,
                                    `is_required` tinyint(1) COMMENT '是否必填',
                                    `is_show_in_list` tinyint(1) DEFAULT '0' COMMENT '是否在列表显示',
                                    `is_show_in_form` tinyint(1) DEFAULT '0' COMMENT '是否在表单显示',
                                    `is_show_in_query` tinyint(1) DEFAULT '0' COMMENT '是否在查询条件显示',
                                    `query_type` tinyint COMMENT '查询方式',
                                    `form_type` tinyint COMMENT '表单类型',
                                    `dict_type` varchar(50) COMMENT '字典类型',
                                    `create_time` datetime COMMENT '创建时间',
                                    `update_time` datetime COMMENT '更新时间',
                                    PRIMARY KEY (`id`),
                                    KEY `idx_table_id` (`table_id`)
) ENGINE=InnoDB DEFAULT CHARSET=utf8mb4 COMMENT='代码生成字段配置表';

-- ----------------------------
-- 系统配置表
-- ----------------------------
DROP TABLE IF EXISTS `sys_config`;
CREATE TABLE `sys_config` (
                              `id` bigint NOT NULL AUTO_INCREMENT,
                              `config_name` varchar(50) NOT NULL COMMENT '配置名称',
                              `config_key` varchar(50) NOT NULL COMMENT '配置key',
                              `config_value` varchar(100) NOT NULL COMMENT '配置值',
                              `remark` varchar(255) COMMENT '备注',
                              `create_time` datetime COMMENT '创建时间',
                              `create_by` bigint COMMENT '创建人ID',
                              `update_time` datetime COMMENT '更新时间',
                              `update_by` bigint COMMENT '更新人ID',
                              `is_deleted` tinyint(4) DEFAULT '0' NOT NULL COMMENT '逻辑删除标识(0-未删除 1-已删除)',
                              PRIMARY KEY (`id`)
) ENGINE=InnoDB COMMENT='系统配置表';

INSERT INTO `sys_config` VALUES (1, '系统限流QPS', 'IP_QPS_THRESHOLD_LIMIT', '10', '单个IP请求的最大每秒查询数（QPS）阈值Key', now(), 1, NULL, NULL, 0);

-- ----------------------------
-- 通知公告表
-- ----------------------------
DROP TABLE IF EXISTS `sys_notice`;
CREATE TABLE `sys_notice` (
                              `id` bigint NOT NULL AUTO_INCREMENT,
                              `tenant_id` bigint DEFAULT 0 COMMENT '租户ID',
                              `title` varchar(50) COMMENT '通知标题',
                              `content` text COMMENT '通知内容',
                              `type` tinyint NOT NULL COMMENT '通知类型（关联字典编码：notice_type）',
                              `level` varchar(5) NOT NULL COMMENT '通知等级（字典code：notice_level）',
                              `target_type` tinyint NOT NULL COMMENT '目标类型（1: 全体, 2: 指定）',
                              `target_user_ids` varchar(255) COMMENT '目标人ID集合（多个使用英文逗号,分割）',
                              `publisher_id` bigint COMMENT '发布人ID',
                              `publish_status` tinyint DEFAULT '0' COMMENT '发布状态（0: 未发布, 1: 已发布, -1: 已撤回）',
                              `publish_time` datetime COMMENT '发布时间',
                              `revoke_time` datetime COMMENT '撤回时间',
                              `create_by` bigint NOT NULL COMMENT '创建人ID',
                              `create_time` datetime NOT NULL COMMENT '创建时间',
                              `update_by` bigint COMMENT '更新人ID',
                              `update_time` datetime COMMENT '更新时间',
                              `is_deleted` tinyint(1) DEFAULT '0' COMMENT '是否删除（0: 未删除, 1: 已删除）',
                              PRIMARY KEY (`id`) USING BTREE,
                              KEY `idx_tenant_id` (`tenant_id`)
) ENGINE=InnoDB DEFAULT CHARSET=utf8mb4 COMMENT='系统通知公告表';

INSERT INTO `sys_notice` VALUES (1, 0, 'v3.0.0 版本发布 - 多租户功能上线', '<p>🎉 新版本发布，主要更新内容：</p><p>1. 新增多租户功能，支持租户隔离和数据管理</p><p>2. 优化系统性能，提升响应速度</p><p>3. 完善权限管理，增强安全性</p><p>4. 修复已知问题，提升系统稳定性</p>', 1, 'H', 1, NULL, 1, 1, '2024-12-15 10:00:00', NULL, 1, '2024-12-15 10:00:00', 1, '2024-12-15 10:00:00', 0);
INSERT INTO `sys_notice` VALUES (2, 0, '系统维护通知 - 2024年12月20日', '<p>⏰ 系统维护通知</p><p>系统将于 <strong>2024年12月20日（本周五）凌晨 2:00-4:00</strong> 进行例行维护升级。</p><p>维护期间系统将暂停服务，请提前做好数据备份工作。</p><p>给您带来的不便，敬请谅解！</p>', 2, 'H', 1, NULL, 1, 1, '2024-12-18 14:30:00', NULL, 1, '2024-12-18 14:30:00', 1, '2024-12-18 14:30:00', 0);
INSERT INTO `sys_notice` VALUES (3, 0, '安全提醒 - 防范钓鱼邮件', '<p>⚠️ 安全提醒</p><p>近期发现有不法分子通过钓鱼邮件进行网络攻击，请大家提高警惕：</p><p>1. 不要点击来源不明的邮件链接</p><p>2. 不要下载可疑附件</p><p>3. 遇到可疑邮件请及时联系IT部门</p><p>4. 定期修改密码，使用强密码策略</p>', 3, 'H', 1, NULL, 1, 1, '2024-12-10 09:00:00', NULL, 1, '2024-12-10 09:00:00', 1, '2024-12-10 09:00:00', 0);
INSERT INTO `sys_notice` VALUES (4, 0, '元旦假期安排通知', '<p>📅 元旦假期安排</p><p>根据国家法定节假日安排，公司元旦假期时间为：</p><p><strong>2024年12月30日（周一）至 2025年1月1日（周三）</strong>，共3天。</p><p>2024年12月29日（周日）正常上班。</p><p>祝大家元旦快乐，假期愉快！</p>', 4, 'M', 1, NULL, 1, 1, '2024-12-25 16:00:00', NULL, 1, '2024-12-25 16:00:00', 1, '2024-12-25 16:00:00', 0);
INSERT INTO `sys_notice` VALUES (5, 0, '新产品发布会邀请', '<p>🎊 新产品发布会邀请</p><p>公司将于 <strong>2025年1月15日下午14:00</strong> 在总部会议室举办新产品发布会。</p><p>届时将展示最新研发的产品和技术成果，欢迎全体员工参加。</p><p>请各部门提前安排好工作，准时参加。</p>', 5, 'M', 1, NULL, 1, 1, '2024-12-28 11:00:00', NULL, 1, '2024-12-28 11:00:00', 1, '2024-12-28 11:00:00', 0);
INSERT INTO `sys_notice` VALUES (6, 0, 'v2.16.1 版本更新', '<p>✨ 版本更新</p><p>v2.16.1 版本已发布，主要修复内容：</p><p>1. 修复 WebSocket 重复连接导致的后台线程阻塞问题</p><p>2. 优化通知公告功能，提升用户体验</p><p>3. 修复部分已知bug</p><p>建议尽快更新到最新版本。</p>', 1, 'M', 1, NULL, 1, 1, '2024-12-05 15:30:00', NULL, 1, '2024-12-05 15:30:00', 1, '2024-12-05 15:30:00', 0);
INSERT INTO `sys_notice` VALUES (7, 0, '年终总结会议通知', '<p>📋 年终总结会议通知</p><p>各部门年终总结会议将于 <strong>2024年12月30日上午9:00</strong> 召开。</p><p>请各部门负责人提前准备好年度工作总结和下年度工作计划。</p><p>会议地点：总部大会议室</p>', 5, 'M', 2, '1,2', 1, 1, '2024-12-22 10:00:00', NULL, 1, '2024-12-22 10:00:00', 1, '2024-12-22 10:00:00', 0);
INSERT INTO `sys_notice` VALUES (8, 0, '系统功能优化完成', '<p>✅ 系统功能优化</p><p>已完成以下功能优化：</p><p>1. 优化用户管理界面，提升操作体验</p><p>2. 增强数据导出功能，支持更多格式</p><p>3. 优化搜索功能，提升查询效率</p><p>4. 修复部分界面显示问题</p>', 1, 'L', 1, NULL, 1, 1, '2024-12-12 14:20:00', NULL, 1, '2024-12-12 14:20:00', 1, '2024-12-12 14:20:00', 0);
INSERT INTO `sys_notice` VALUES (9, 0, '员工培训计划', '<p>📚 员工培训计划</p><p>为提升员工专业技能，公司将于 <strong>2025年1月8日-10日</strong> 组织技术培训。</p><p>培训内容：</p><p>1. 新技术框架应用</p><p>2. 代码规范与最佳实践</p><p>3. 系统架构设计</p><p>请各部门合理安排工作，确保培训顺利进行。</p>', 5, 'M', 1, NULL, 1, 1, '2024-12-20 09:30:00', NULL, 1, '2024-12-20 09:30:00', 1, '2024-12-20 09:30:00', 0);
INSERT INTO `sys_notice` VALUES (10, 0, '数据备份提醒', '<p>💾 数据备份提醒</p><p>请各部门注意定期备份重要数据，建议每周至少备份一次。</p><p>备份方式：</p><p>1. 使用系统自带备份功能</p><p>2. 手动导出重要数据</p><p>3. 联系IT部门协助备份</p><p>数据安全，人人有责！</p>', 3, 'L', 1, NULL, 1, 1, '2024-12-08 08:00:00', NULL, 1, '2024-12-08 08:00:00', 1, '2024-12-08 08:00:00', 0);

-- ----------------------------
-- 用户通知公告表
-- ----------------------------
DROP TABLE IF EXISTS `sys_user_notice`;
CREATE TABLE `sys_user_notice` (
                                   `id` bigint NOT NULL AUTO_INCREMENT COMMENT 'id',
                                   `notice_id` bigint NOT NULL COMMENT '公共通知id',
                                   `user_id` bigint NOT NULL COMMENT '用户id',
                                   `tenant_id` bigint DEFAULT 0 COMMENT '租户ID',
                                   `is_read` bigint DEFAULT '0' COMMENT '读取状态（0: 未读, 1: 已读）',
                                   `read_time` datetime COMMENT '阅读时间',
                                   `create_time` datetime NOT NULL COMMENT '创建时间',
                                   `update_time` datetime COMMENT '更新时间',
                                   `is_deleted` tinyint DEFAULT '0' COMMENT '逻辑删除(0: 未删除, 1: 已删除)',
                                   PRIMARY KEY (`id`) USING BTREE,
                                   KEY `idx_tenant_id` (`tenant_id`)
) ENGINE=InnoDB DEFAULT CHARSET=utf8mb4 COMMENT='用户通知公告关联表';

INSERT INTO `sys_user_notice` VALUES (1, 1, 2, 0, 1, NULL, now(), now(), 0);
INSERT INTO `sys_user_notice` VALUES (2, 2, 2, 0, 1, NULL, now(), now(), 0);
INSERT INTO `sys_user_notice` VALUES (3, 3, 2, 0, 1, NULL, now(), now(), 0);
INSERT INTO `sys_user_notice` VALUES (4, 4, 2, 0, 1, NULL, now(), now(), 0);
INSERT INTO `sys_user_notice` VALUES (5, 5, 2, 0, 1, NULL, now(), now(), 0);
INSERT INTO `sys_user_notice` VALUES (6, 6, 2, 0, 1, NULL, now(), now(), 0);
INSERT INTO `sys_user_notice` VALUES (7, 7, 2, 0, 1, NULL, now(), now(), 0);
INSERT INTO `sys_user_notice` VALUES (8, 8, 2, 0, 1, NULL, now(), now(), 0);
INSERT INTO `sys_user_notice` VALUES (9, 9, 2, 0, 1, NULL, now(), now(), 0);
INSERT INTO `sys_user_notice` VALUES (10, 10, 2, 0, 1, NULL, now(), now(), 0);

-- ----------------------------
-- AI 命令记录表
-- ----------------------------
DROP TABLE IF EXISTS `ai_assistant_record`;
CREATE TABLE `ai_assistant_record` (
                                  `id` bigint NOT NULL AUTO_INCREMENT COMMENT '主键ID',
                                  `tenant_id` bigint DEFAULT 0 COMMENT '租户ID',
                                  `user_id` bigint DEFAULT NULL COMMENT '用户ID',
                                  `username` varchar(64) DEFAULT NULL COMMENT '用户名',
                                  `original_command` text COMMENT '原始命令',
                                  `ai_provider` varchar(32) DEFAULT NULL COMMENT 'AI 供应商(qwen/openai/deepseek/gemini等)',
                                  `ai_model` varchar(64) DEFAULT NULL COMMENT 'AI 模型名称(qwen-plus/qwen-max/gpt-4-turbo等)',
                                  `parse_status` tinyint DEFAULT '0' COMMENT '解析是否成功(0-失败, 1-成功)',
                                  `function_calls` text COMMENT '解析出的函数调用列表(JSON)',
                                  `explanation` varchar(500) DEFAULT NULL COMMENT 'AI的理解说明',
                                  `confidence` decimal(3,2) DEFAULT NULL COMMENT '置信度(0.00-1.00)',
                                  `parse_error_message` text COMMENT '解析错误信息',
                                  `input_tokens` int DEFAULT NULL COMMENT '输入Token数量',
                                  `output_tokens` int DEFAULT NULL COMMENT '输出Token数量',
                                  `parse_duration_ms` int DEFAULT NULL COMMENT '解析耗时(毫秒)',
                                  `function_name` varchar(255) DEFAULT NULL COMMENT '执行的函数名称',
                                  `function_arguments` text COMMENT '函数参数(JSON)',
                                  `execute_status` tinyint(1) DEFAULT NULL COMMENT '执行状态(0-待执行, 1-成功, -1-失败)',
                                  `execute_error_message` text COMMENT '执行错误信息',
                                  `ip_address` varchar(128) DEFAULT NULL COMMENT 'IP地址',
                                  `create_time` datetime DEFAULT NULL COMMENT '创建时间',
                                  `update_time` datetime DEFAULT NULL COMMENT '更新时间',
                                  PRIMARY KEY (`id`),
                                  KEY `idx_user_id` (`user_id`),
                                  KEY `idx_create_time` (`create_time`),
                                  KEY `idx_provider` (`ai_provider`),
                                  KEY `idx_model` (`ai_model`),
                                  KEY `idx_parse_status` (`parse_status`),
                                  KEY `idx_execute_status` (`execute_status`),
                                  KEY `idx_tenant_id` (`tenant_id`)
) ENGINE=InnoDB AUTO_INCREMENT=1 DEFAULT CHARSET=utf8mb4 COMMENT='AI 助手行为记录表（解析、执行、审计）';

-- ----------------------------
-- 租户表（多租户模式）
-- ----------------------------
DROP TABLE IF EXISTS `sys_tenant`;
CREATE TABLE `sys_tenant` (
                              `id` bigint NOT NULL AUTO_INCREMENT COMMENT '租户ID',
                              `name` varchar(100) NOT NULL COMMENT '租户名称',
                              `code` varchar(50) NOT NULL COMMENT '租户编码（唯一）',
                              `contact_name` varchar(50) DEFAULT NULL COMMENT '联系人姓名',
                              `contact_phone` varchar(20) DEFAULT NULL COMMENT '联系人电话',
                              `contact_email` varchar(100) DEFAULT NULL COMMENT '联系人邮箱',
                              `domain` varchar(100) DEFAULT NULL COMMENT '租户域名（用于域名识别）',
                              `logo` varchar(255) DEFAULT NULL COMMENT '租户Logo',
                              `plan_id` bigint DEFAULT NULL COMMENT '套餐ID',
                              `status` tinyint DEFAULT '1' COMMENT '状态(1-正常 0-禁用)',
                              `remark` varchar(500) DEFAULT NULL COMMENT '备注',
                              `expire_time` datetime DEFAULT NULL COMMENT '过期时间（NULL表示永不过期）',
                              `create_time` datetime COMMENT '创建时间',
                              `update_time` datetime COMMENT '更新时间',
                              PRIMARY KEY (`id`),
                              UNIQUE KEY `uk_code` (`code`),
                              UNIQUE KEY `uk_domain` (`domain`),
                              KEY `idx_status` (`status`),
                              KEY `idx_plan_id` (`plan_id`)
) ENGINE=InnoDB AUTO_INCREMENT=1 DEFAULT CHARSET=utf8mb4 COMMENT='系统租户表';

-- ----------------------------
-- Records of sys_tenant
-- ----------------------------
INSERT INTO `sys_tenant` (
  `id`,
  `name`,
  `code`,
  `contact_name`,
  `contact_phone`,
  `contact_email`,
  `domain`,
  `logo`,
  `plan_id`,
  `status`,
  `remark`,
  `expire_time`,
  `create_time`,
  `update_time`
) VALUES
  (0, '平台租户', 'PLATFORM', '系统管理员', '18812345678', 'admin@youlai.tech', 'vue.youlai.tech', NULL, NULL, 1, '平台租户', NULL, now(), now()),
  (1, '演示租户', 'DEMO', '演示用户', '18812345679', 'demo@youlai.tech', 'demo.youlai.tech', NULL, 2, 1, '演示租户', NULL, now(), now());

SET FOREIGN_KEY_CHECKS = 1;
